guest_id,first_name,last_name,email,phone,state,active
1,Sullivan,Lomas,slomas0@mediafire.com,(702) 7768761,NV,true
2,Olympie,Gecks,ogecks1@dagondesign.com,(202) 2528316,DC,true
3,Tremain,Carncross,tcarncross2@japanpost.jp,(313) 2245034,MI,true
4,Leonidas,Gueny,lgueny3@example.com,(412) 6493981,PA,true
5,Berta,Seppey,bseppey4@yahoo.com,(202) 2668098,DC,true
6,Kenn,Curson,kcurson5@youku.com,(941) 9618942,FL,true
7,Gilli,Fritz,gfritz6@ustream.tv,(585) 3812166,NY,true
8,Natal,Dodimead,ndodimead7@yellowbook.com,(713) 6088180,TX,true
9,Justen,Hulson,jhulson8@auda.org.au,(202) 4440620,DC,true
10,Isabel,Ganter,iganter9@privacy.gov.au,(915) 5895326,TX,true
11,Devina,Pepon,dpepona@europa.eu,(239) 9752596,FL,true
12,Whit,Isaq,wisaqb@blogger.com,(256) 2106156,AL,true
13,Alisun,Mount,amountc@ehow.com,(312) 3713380,IL,true
14,Donall,Fenelow,dfenelowd@google.nl,(313) 6600939,MI,true
15,Nye,Ritter,nrittere@dagondesign.com,(609) 7576171,NJ,true
16,Christiana,Oluwatoyin,coluwatoyinf@hubpages.com,(765) 6082986,IN,true
17,Jenilee,Causer,jcauserg@feedburner.com,(713) 6090033,TX,true
18,Jacquenetta,Judgkins,jjudgkinsh@goo.gl,(802) 9364252,VT,true
19,Emalia,Toke,etokei@wired.com,(251) 1102556,AL,true
20,Ryley,Wong,rwongj@eventbrite.com,(414) 5700854,WI,true
21,Arte,Overell,aoverellk@w3.org,(304) 1895104,WV,true
22,Cortney,Binyon,cbinyonl@angelfire.com,(915) 6957192,TX,true
23,Leia,Warland,lwarlandm@booking.com,(651) 2725236,MN,true
24,Roz,Haking,rhakingn@goo.ne.jp,(816) 5842541,MO,true
25,Kayley,Rogliero,kroglieroo@goo.gl,(863) 4305581,FL,true
26,Bess,Kilban,bkilbanp@google.com.hk,(314) 1826611,MO,true
27,Renelle,Brockbank,rbrockbankq@techcrunch.com,(775) 9975469,NV,true
28,Kassie,Gulliman,kgullimanr@webmd.com,(713) 8996091,TX,true
29,Alejandrina,Szymanek,aszymaneks@skyrock.com,(330) 2773273,OH,true
30,Ty,Woller,twollert@census.gov,(810) 8905965,MI,true
31,Faye,Tuffrey,ftuffreyu@goodreads.com,(719) 2582092,CO,true
32,Phylis,Weigh,pweighv@skyrock.com,(202) 4711822,DC,true
33,Jeffy,Wrightson,jwrightsonw@geocities.jp,(617) 6855228,MA,true
34,Laurella,Yitzhak,lyitzhakx@engadget.com,(251) 5044242,AL,true
35,Deny,Lyness,dlynessy@icio.us,(704) 1597211,NC,true
36,Elenore,Santus,esantusz@loc.gov,(714) 5797527,CA,true
37,Carol,Philliphs,cphilliphs10@nymag.com,(508) 4551312,MA,true
38,Christyna,Dochon,cdochon11@state.gov,(502) 4665276,KY,true
39,Amble,Morillas,amorillas12@dmoz.org,(281) 1515295,TX,true
40,Lanita,Rainbird,lrainbird13@jiathis.com,(860) 9343645,CT,true
41,Olivette,Langdale,olangdale14@hp.com,(763) 6461933,MN,true
42,Nevile,Hairsine,nhairsine15@youku.com,(808) 9811903,HI,true
43,Sheryl,Truce,struce16@statcounter.com,(702) 2228169,NV,true
44,Georgina,Praten,gpraten17@rediff.com,(901) 1754410,TN,true
45,Pip,Bourgourd,pbourgourd18@reddit.com,(718) 8791602,NY,true
46,Celestia,Gladtbach,cgladtbach19@thetimes.co.uk,(859) 1228297,KY,true
47,Jerry,Gouldsmith,jgouldsmith1a@bloglovin.com,(850) 3499654,FL,true
48,Caralie,Phair,cphair1b@wix.com,(951) 1116501,CA,true
49,Clemente,Brittain,cbrittain1c@trellian.com,(813) 3029520,FL,true
50,Petronilla,Kemmis,pkemmis1d@harvard.edu,(202) 8298371,DC,true
51,Chaunce,Joerning,cjoerning1e@paginegialle.it,(614) 7221819,OH,true
52,Sosanna,Choules,schoules1f@infoseek.co.jp,(585) 6121223,NY,true
53,Magdaia,Fritschel,mfritschel1g@desdev.cn,(718) 3858452,NY,true
54,Jacenta,Oliver-Paull,joliverpaull1h@boston.com,(813) 7793768,FL,true
55,Colette,Leander,cleander1i@xrea.com,(601) 4873679,MS,true
56,Emlynne,Andrin,eandrin1j@shinystat.com,(602) 2661674,AZ,true
57,Harrison,Luxen,hluxen1k@upenn.edu,(612) 3146400,MN,true
58,Teodoor,Yarnall,tyarnall1l@squarespace.com,(518) 6555084,NY,true
59,Enriqueta,Mayhou,emayhou1m@kickstarter.com,(214) 2146223,TX,true
60,Rawley,Pendleberry,rpendleberry1n@goodreads.com,(423) 7212307,TN,true
61,Janaya,Ackermann,jackermann1o@umn.edu,(602) 5385544,AZ,true
62,Carina,Noads,cnoads1p@gnu.org,(505) 2628048,NM,true
63,Aline,Cocklin,acocklin1q@vimeo.com,(334) 5079034,AL,true
64,Sheridan,Berrycloth,sberrycloth1r@reference.com,(915) 3164637,TX,true
65,Garner,Coulter,gcoulter1s@reuters.com,(714) 5078068,CA,true
66,Miof mela,Dorrell,mdorrell1t@ibm.com,(571) 7488196,VA,true
67,Keenan,McHarry,kmcharry1u@narod.ru,(251) 3939975,AL,true
68,Gabie,Rymell,grymell1v@redcross.org,(650) 3866667,CA,true
69,Benita,Eddowes,beddowes1w@sitemeter.com,(786) 8362773,FL,true
70,Tony,Skechley,tskechley1x@hubpages.com,(616) 9192572,MI,true
71,Claudina,Van Halle,cvanhalle1y@nifty.com,(203) 5608228,CT,true
72,Gerri,Hovel,ghovel1z@imdb.com,(702) 3007870,NV,true
73,Ardene,Corking,acorking20@acquirethisname.com,(360) 2619356,WA,true
74,Craggy,Gloy,cgloy21@reference.com,(608) 7729911,WI,true
75,Sharron,Baldacchino,sbaldacchino22@ted.com,(317) 6381381,IN,true
76,Sallyann,Friedlos,sfriedlos23@sfgate.com,(713) 2657409,TX,true
77,Kellyann,Maxwaile,kmaxwaile24@springer.com,(972) 9743572,TX,true
78,Joel,Fildes,jfildes25@ucsd.edu,(503) 3001808,OR,true
79,Karney,Spykings,kspykings26@nymag.com,(754) 2083963,FL,true
80,Chloe,Kretschmer,ckretschmer27@hugedomains.com,(510) 3197981,CA,true
81,Roth,Gillebride,rgillebride28@gizmodo.com,(703) 1935454,VA,true
82,Shandeigh,McGeown,smcgeown29@va.gov,(702) 3796945,CA,true
83,Sara,Ducker,sducker2a@infoseek.co.jp,(801) 7707688,UT,true
84,Linn,Meynell,lmeynell2b@ehow.com,(415) 9303614,CA,true
85,Oriana,Rich,orich2c@usgs.gov,(682) 2909925,TX,true
86,Kienan,Aulton,kaulton2d@mail.ru,(719) 2357792,CO,true
87,Jennie,Kike,jkike2e@intel.com,(701) 6481099,ND,true
88,Kellby,Houndson,khoundson2f@fc2.com,(302) 4907684,DE,true
89,Ludvig,Divver,ldivver2g@nyu.edu,(419) 7210898,OH,true
90,Karlik,Fidian,kfidian2h@businessinsider.com,(937) 8739030,OH,true
91,Mel,Ritter,mritter2i@irs.gov,(360) 9425869,WA,true
92,Bette,Easseby,beasseby2j@yale.edu,(512) 3327456,TX,true
93,Colman,Mecozzi,cmecozzi2k@marriott.com,(614) 5988150,OH,true
94,Neda,Ferie,nferie2l@xrea.com,(803) 7037750,SC,true
95,Tate,Jellis,tjellis2m@example.com,(915) 5642452,TX,true
96,Jonah,Markwelley,jmarkwelley2n@paginegialle.it,(323) 7833116,CA,true
97,Chandra,Iverson,civerson2o@cisco.com,(407) 8232861,FL,true
98,Gabriell,Creyke,gcreyke2p@wikia.com,(862) 4071891,NJ,true
99,Scottie,Davenhill,sdavenhill2q@sakura.ne.jp,(518) 4957037,NY,true
100,Gisela,Showler,gshowler2r@mapquest.com,(404) 6063406,GA,true
101,Brook,Bygate,bbygate2s@abc.net.au,(309) 3467436,IL,true
102,Earl,Degli Antoni,edegliantoni2t@ning.com,(214) 8322663,TX,true
103,Latrena,Bennellick,lbennellick2u@marriott.com,(704) 6984456,NC,true
104,Erl,Dablin,edablin2v@reddit.com,(585) 1390384,NY,true
105,Lynett,Stapells,lstapells2w@domainmarket.com,(336) 3737697,NC,true
106,Casandra,Yitzhak,cyitzhak2x@businessinsider.com,(512) 4482691,TX,true
107,Marshall,MacAree,mmacaree2y@independent.co.uk,(410) 6965558,MD,true
108,Hermy,Lemar,hlemar2z@alibaba.com,(213) 5912603,CA,true
109,Gusty,Andreia,gandreia30@npr.org,(816) 5355727,MO,true
110,Felicity,Wakley,fwakley31@weather.com,(713) 8873307,TX,true
111,Aurlie,Skidmore,askidmore32@instagram.com,(614) 5273340,OH,true
112,Giordano,Olenchenko,golenchenko33@altervista.org,(314) 7825389,MO,true
113,Regan,d'Arcy,rdarcy34@cnn.com,(214) 9356241,TX,true
114,Loleta,Forward,lforward35@instagram.com,(916) 7189657,CA,true
115,Laurene,Durran,ldurran36@huffingtonpost.com,(216) 6426219,OH,true
116,Harlin,Whitta,hwhitta37@cbc.ca,(203) 1848629,CT,true
117,Edithe,Bilofsky,ebilofsky38@earthlink.net,(804) 4517747,VA,true
118,Dyana,Summerskill,dsummerskill39@wsj.com,(707) 1119854,CA,true
119,Currie,Tooke,ctooke3a@china.com.cn,(952) 1990342,MN,true
120,Wrennie,Pilger,wpilger3b@drupal.org,(989) 3316879,MI,true
121,Ardath,Gurton,agurton3c@webs.com,(619) 1614570,CA,true
122,Carmelle,Reaper,creaper3d@virginia.edu,(404) 3693558,GA,true
123,Hestia,Frankham,hfrankham3e@squidoo.com,(541) 5593982,OR,true
124,Phyllida,Brauner,pbrauner3f@desdev.cn,(213) 3263388,CA,true
125,Loralee,Myring,lmyring3g@google.com,(626) 4784833,CA,true
126,Babbie,Hayth,bhayth3h@youku.com,(616) 4585345,MI,true
127,Anabel,Hansed,ahansed3i@washingtonpost.com,(661) 1600832,CA,true
128,Durand,Fellowes,dfellowes3j@xinhuanet.com,(510) 8841543,CA,true
129,Darnall,Woodroof,dwoodroof3k@github.com,(718) 8840207,NY,true
130,Edythe,McGeady,emcgeady3l@histats.com,(702) 3855293,NV,true
131,Holt,Keggins,hkeggins3m@multiply.com,(405) 9268486,OK,true
132,Audrey,Hosburn,ahosburn3n@java.com,(859) 5151197,KY,true
133,Tatiana,Wilsher,twilsher3o@constantcontact.com,(915) 3252768,TX,true
134,Laney,Sherme,lsherme3p@drupal.org,(240) 2703985,MD,true
135,Bonnibelle,Gaish,bgaish3q@mediafire.com,(419) 4670858,OH,true
136,Nert,Detoile,ndetoile3r@yahoo.co.jp,(202) 5472570,DC,true
137,Sully,Dickon,sdickon3s@miibeian.gov.cn,(813) 5148390,FL,true
138,Olly,Meneux,omeneux3t@dyndns.org,(319) 7572850,IA,true
139,Micheline,Bichard,mbichard3u@dell.com,(205) 7616481,AL,true
140,Penn,Dight,pdight3v@nifty.com,(281) 7660166,TX,true
141,Christalle,Measor,cmeasor3w@seesaa.net,(813) 4779856,FL,true
142,Stanford,Tearny,stearny3x@webeden.co.uk,(719) 4822083,CO,true
143,Aldin,Treble,atreble3y@hibu.com,(901) 2839986,TN,true
144,Jobyna,Moncaster,jmoncaster3z@ask.com,(304) 2806460,WV,true
145,Renie,Hathwood,rhathwood40@cam.ac.uk,(954) 2371133,FL,true
146,Wally,Alvarado,walvarado41@pagesperso-orange.fr,(202) 5774837,DC,true
147,Sheelah,Coytes,scoytes42@prlog.org,(201) 5654625,NJ,true
148,Vinny,Radleigh,vradleigh43@slashdot.org,(763) 5518712,MN,true
149,Brianna,Tookey,btookey44@narod.ru,(812) 3006327,IN,true
150,Heywood,Mellhuish,hmellhuish45@pen.io,(425) 2278177,WA,true
151,Mason,Barrell,mbarrell46@usda.gov,(772) 3375343,FL,true
152,Oriana,Stichel,ostichel47@chicagotribune.com,(615) 4064628,TN,true
153,Quentin,Van Zon,qvanzon48@cnbc.com,(269) 4429144,MI,true
154,Austine,Franck,afranck49@geocities.jp,(540) 8184259,VA,true
155,Wallache,Phippin,wphippin4a@kickstarter.com,(704) 2474193,NC,true
156,Nydia,Chicchelli,nchicchelli4b@51.la,(360) 7916328,WA,true
157,Deva,Georgeau,dgeorgeau4c@accuweather.com,(202) 7433773,DC,true
158,Benedetta,Jandak,bjandak4d@addthis.com,(310) 6922437,CA,true
159,Angel,Mathieu,amathieu4e@ovh.net,(315) 7050503,NY,true
160,Zondra,Skett,zskett4f@walmart.com,(404) 7816550,GA,true
161,Fleurette,Dreinan,fdreinan4g@army.mil,(602) 5805563,AZ,true
162,Maddy,Rolance,mrolance4h@myspace.com,(805) 8898765,CA,true
163,Winifred,Van De Cappelle,wvandecappelle4i@opensource.org,(302) 4262566,DE,true
164,Burke,Jewiss,bjewiss4j@geocities.jp,(215) 1106432,PA,true
165,Claudelle,Netting,cnetting4k@altervista.org,(404) 3521261,GA,true
166,Iris,Apdell,iapdell4l@elpais.com,(205) 3141607,AL,true
167,Brenna,Deble,bdeble4m@blogtalkradio.com,(360) 3139178,WA,true
168,Callida,Butterworth,cbutterworth4n@virginia.edu,(952) 9701440,MN,true
169,Berk,Giacopini,bgiacopini4o@hao123.com,(225) 4447531,LA,true
170,Vito,Rickasse,vrickasse4p@studiopress.com,(501) 6501416,AR,true
171,Bordie,Saltsberger,bsaltsberger4q@techcrunch.com,(781) 1217294,MA,true
172,Jeri,Clark,jclark4r@uiuc.edu,(217) 9317609,IL,true
173,Yalonda,Thome,ythome4s@vkontakte.ru,(706) 7071139,GA,true
174,Catherina,Dell Casa,cdellcasa4t@mtv.com,(559) 3024115,CA,true
175,Fernando,Fielding,ffielding4u@ftc.gov,(202) 2856540,DC,true
176,Brena,Eick,beick4v@pagesperso-orange.fr,(805) 2595624,CA,true
177,Fidel,Luetchford,fluetchford4w@archive.org,(318) 9158735,LA,true
178,Valry,Coltart,vcoltart4x@reverbnation.com,(806) 2840301,TX,true
179,Renae,Atwel,ratwel4y@nymag.com,(513) 7763478,OH,true
180,Galven,Adelsberg,gadelsberg4z@ucla.edu,(616) 7228970,MI,true
181,Leland,Paulich,lpaulich50@nydailynews.com,(219) 2176166,IN,true
182,Ofella,Colbert,ocolbert51@eepurl.com,(571) 8098330,VA,true
183,Rollins,Badcock,rbadcock52@moonfruit.com,(303) 4049834,CO,true
184,Wilona,Buckie,wbuckie53@elpais.com,(701) 4100501,ND,true
185,Myrtia,Pagitt,mpagitt54@hc360.com,(918) 8946768,OK,true
186,Brian,Speddin,bspeddin55@nasa.gov,(215) 3354882,PA,true
187,Rebeka,Teague,rteague56@census.gov,(850) 3489610,FL,true
188,Tuesday,Aveling,taveling57@seattletimes.com,(678) 6412556,GA,true
189,Mary,Dauncey,mdauncey58@icio.us,(704) 8384037,NC,true
190,Jillayne,Selbach,jselbach59@studiopress.com,(334) 8247102,AL,true
191,Harry,Di Maggio,hdimaggio5a@hp.com,(847) 6718414,IL,true
192,Koo,Andrich,kandrich5b@unblog.fr,(214) 9899920,TX,true
193,Maridel,Mungan,mmungan5c@indiatimes.com,(432) 7753576,TX,true
194,Maria,Tattersfield,mtattersfield5d@auda.org.au,(208) 7633446,ID,true
195,Marni,Meus,mmeus5e@wikimedia.org,(312) 5623257,IL,true
196,Margarette,Sherbourne,msherbourne5f@tinyurl.com,(304) 8866889,WV,true
197,Eldin,Berr,eberr5g@mozilla.org,(915) 1457101,TX,true
198,Meredith,Lubbock,mlubbock5h@furl.net,(803) 9535133,SC,true
199,Rhodie,Ghirardi,rghirardi5i@gizmodo.com,(727) 9026366,FL,true
200,Inge,Gout,igout5j@skype.com,(210) 6817663,TX,true
201,Ashlin,Kildahl,akildahl5k@free.fr,(910) 5596209,NC,true
202,Freddy,Cheshir,fcheshir5l@cnn.com,(219) 5747654,IN,true
203,Brena,Kolyagin,bkolyagin5m@state.tx.us,(757) 3018770,VA,true
204,Lyn,Fryatt,lfryatt5n@newsvine.com,(713) 4647463,TX,true
205,Mil,Jekel,mjekel5o@aboutads.info,(757) 4664568,VA,true
206,Jewell,Mulroy,jmulroy5p@nbcnews.com,(214) 5163046,TX,true
207,Koralle,Josef,kjosef5q@uol.com.br,(907) 3320821,AK,true
208,Eda,Dolbey,edolbey5r@pcworld.com,(714) 1892836,CA,true
209,Bink,Beatens,bbeatens5s@1und1.de,(203) 3471199,CT,true
210,Mandy,MacConneely,mmacconneely5t@storify.com,(312) 1778734,IL,true
211,Robinson,Burdon,rburdon5u@sitemeter.com,(202) 9698434,DC,true
212,Constanta,Fetherstan,cfetherstan5v@topsy.com,(361) 1385299,TX,true
213,Rosie,Mewton,rmewton5w@arizona.edu,(202) 4598831,DC,true
214,Rainer,Easby,reasby5x@mediafire.com,(702) 6472185,NV,true
215,Shandy,Dobrovolski,sdobrovolski5y@bluehost.com,(585) 6054997,NY,true
216,Constantine,Ballentime,cballentime5z@google.com.br,(714) 4744899,CA,true
217,Lettie,Soff,lsoff60@paypal.com,(310) 8649548,CA,true
218,Berti,Kibbe,bkibbe61@surveymonkey.com,(937) 2976006,OH,true
219,Freddy,Syddon,fsyddon62@hibu.com,(209) 8596744,CA,true
220,Ransom,Freathy,rfreathy63@typepad.com,(605) 8558512,SD,true
221,Verney,Odo,vodo64@twitter.com,(317) 7690935,IN,true
222,Trey,Scrivenor,tscrivenor65@bandcamp.com,(212) 7860489,NY,true
223,Syman,Whawell,swhawell66@howstuffworks.com,(701) 6900232,ND,true
224,Joelie,Woolnough,jwoolnough67@spotify.com,(915) 8470830,TX,true
225,Vince,Rossin,vrossin68@miibeian.gov.cn,(251) 4026639,AL,true
226,Luella,Geelan,lgeelan69@omniture.com,(330) 4761777,OH,true
227,Octavia,Filippone,ofilippone6a@quantcast.com,(432) 6149732,TX,true
228,Virgie,Prime,vprime6b@elegantthemes.com,(559) 5357267,CA,true
229,Em,World,eworld6c@sohu.com,(561) 6700092,FL,true
230,Granny,Drury,gdrury6d@yellowpages.com,(479) 7056040,AR,true
231,Lewes,Frank,lfrank6e@wp.com,(512) 6100718,TX,true
232,Parker,Broadis,pbroadis6f@constantcontact.com,(706) 9193230,GA,true
233,Meggi,Jovicic,mjovicic6g@sohu.com,(312) 9431085,IL,true
234,Maridel,Croizier,mcroizier6h@tamu.edu,(415) 8604310,CA,true
235,Dalli,Tidbold,dtidbold6i@columbia.edu,(414) 4218732,WI,true
236,Joy,Bickmore,jbickmore6j@rakuten.co.jp,(661) 7363021,CA,true
237,Nikolaos,Helbeck,nhelbeck6k@wix.com,(415) 2071171,CA,true
238,Toddy,Stiggers,tstiggers6l@prlog.org,(757) 8355223,VA,true
239,Izaak,Dunthorne,idunthorne6m@adobe.com,(510) 8288255,CA,true
240,Diarmid,Kraft,dkraft6n@cdbaby.com,(303) 4201767,CO,true
241,Kathy,Goburn,kgoburn6o@addtoany.com,(202) 1623357,DC,true
242,Cheslie,Beckingham,cbeckingham6p@topsy.com,(260) 3755617,IN,true
243,Marrissa,Sheirlaw,msheirlaw6q@ibm.com,(609) 5132634,NJ,true
244,Alberto,Widdicombe,awiddicombe6r@blogtalkradio.com,(478) 6569707,GA,true
245,Linn,Pepineaux,lpepineaux6s@redcross.org,(618) 6652843,IL,true
246,Silvio,MacAndie,smacandie6t@tinypic.com,(404) 1636273,GA,true
247,Valentin,Gooley,vgooley6u@harvard.edu,(209) 4889901,CA,true
248,Elsworth,Howatt,ehowatt6v@posterous.com,(954) 1688052,FL,true
249,Kevina,Plain,kplain6w@bandcamp.com,(302) 5899742,DE,true
250,Licha,Topham,ltopham6x@ft.com,(503) 3186595,OR,true
251,Elden,Prene,eprene6y@devhub.com,(614) 4256266,OH,true
252,Reuben,Pasticznyk,rpasticznyk6z@nih.gov,(917) 9999441,NY,true
253,Shela,Bruniges,sbruniges70@soundcloud.com,(941) 5835151,FL,true
254,Elnora,Liepins,eliepins71@wordpress.org,(860) 6733791,CT,true
255,Livy,Sliney,lsliney72@ocn.ne.jp,(714) 7856202,CA,true
256,Keith,Hambrick,khambrick73@epa.gov,(347) 1110060,NY,true
257,Giacopo,Plewman,gplewman74@myspace.com,(501) 7159153,AR,true
258,Matty,MacAscaidh,mmacascaidh75@delicious.com,(804) 7870743,VA,true
259,Kinny,Defau,kdefau76@trellian.com,(480) 9162888,AZ,true
260,Elvera,Stouther,estouther77@drupal.org,(402) 1935999,NE,true
261,Ted,Rollitt,trollitt78@blogger.com,(603) 8218103,NH,true
262,Ortensia,Demko,odemko79@privacy.gov.au,(520) 2025272,AZ,true
263,Hana,Blyth,hblyth7a@jalbum.net,(336) 2722218,NC,true
264,Carroll,Philpotts,cphilpotts7b@tuttocitta.it,(901) 4013162,TN,true
265,Melisent,Eaton,meaton7c@gov.uk,(330) 9451212,OH,true
266,Tomlin,Burbidge,tburbidge7d@si.edu,(501) 1448552,AR,true
267,Stanislaw,Proudler,sproudler7e@cornell.edu,(817) 7821237,TX,true
268,Armand,Pressnell,apressnell7f@4shared.com,(502) 4894861,KY,true
269,Jordain,Lavallin,jlavallin7g@opensource.org,(405) 8411950,OK,true
270,Aldis,Scibsey,ascibsey7h@scientificamerican.com,(818) 2439444,CA,true
271,Carmelina,Dowle,cdowle7i@intel.com,(937) 9422201,OH,true
272,Dana,Khoter,dkhoter7j@chronoengine.com,(417) 7086097,MO,true
273,Christy,Spurden,cspurden7k@forbes.com,(785) 3733334,KS,true
274,Nelson,Jenckes,njenckes7l@toplist.cz,(774) 7550433,MA,true
275,Serene,Kinig,skinig7m@mtv.com,(916) 1802406,CA,true
276,Jordanna,Grinikhin,jgrinikhin7n@microsoft.com,(315) 1146278,NY,true
277,Maureen,Gartland,mgartland7o@squarespace.com,(617) 2023283,MA,true
278,Ferrell,Garred,fgarred7p@princeton.edu,(716) 2038009,NY,true
279,Armstrong,Tassaker,atassaker7q@netvibes.com,(425) 4429189,WA,true
280,Linea,Peakman,lpeakman7r@weebly.com,(315) 9272566,NY,true
281,Helaina,Luney,hluney7s@dailymail.co.uk,(619) 2414294,CA,true
282,Berte,Andrys,bandrys7t@is.gd,(336) 7304395,NC,true
283,Farrel,MacSorley,fmacsorley7u@icq.com,(936) 1843770,TX,true
284,Lind,Djordjevic,ldjordjevic7v@independent.co.uk,(530) 2457618,CA,true
285,Wilmer,Tall,wtall7w@sun.com,(423) 8534843,TN,true
286,Farlie,Lavens,flavens7x@sphinn.com,(859) 8490287,KY,true
287,Fonz,Swayne,fswayne7y@creativecommons.org,(386) 2717907,FL,true
288,Gretal,Vigrass,gvigrass7z@sina.com.cn,(816) 7628270,KS,true
289,Nicolai,Busse,nbusse80@photobucket.com,(512) 2187396,TX,true
290,Dione,Fowden,dfowden81@desdev.cn,(330) 2714218,OH,true
291,Bari,Mc Caghan,bmccaghan82@guardian.co.uk,(571) 8960051,VA,true
292,Lynn,Dowker,ldowker83@gmpg.org,(801) 8641482,UT,true
293,Adan,Gower,agower84@google.co.jp,(336) 4405748,NC,true
294,Keary,Seers,kseers85@kickstarter.com,(910) 5258337,NC,true
295,Chrissie,Penzer,cpenzer86@free.fr,(330) 2719848,OH,true
296,Conan,Popping,cpopping87@globo.com,(423) 9023441,TN,true
297,Jessi,Boultwood,jboultwood88@indiegogo.com,(504) 6412677,LA,true
298,Nye,Brimacombe,nbrimacombe89@miitbeian.gov.cn,(212) 7609597,NY,true
299,Krystalle,Perdue,kperdue8a@fotki.com,(559) 9577072,CA,true
300,Raff,Soitoux,rsoitoux8b@cafepress.com,(202) 5486537,DC,true
301,Don,Cluely,dcluely8c@1und1.de,(205) 1335660,AL,true
302,Kevin,Merck,kmerck8d@mit.edu,(214) 4891884,TX,true
303,Terrell,Klugman,tklugman8e@unesco.org,(785) 4468083,KS,true
304,Blane,Dawton,bdawton8f@nasa.gov,(202) 8754224,DC,true
305,Staford,Mulvin,smulvin8g@baidu.com,(516) 7262082,NY,true
306,Morty,Stanhope,mstanhope8h@xing.com,(320) 6670790,MN,true
307,Catrina,Jiggle,cjiggle8i@squarespace.com,(404) 7291743,GA,true
308,Cassy,Shrubsall,cshrubsall8j@vkontakte.ru,(218) 2816821,MN,true
309,Levey,Hutcheons,lhutcheons8k@furl.net,(214) 5223404,TX,true
310,Ann,Chazotte,achazotte8l@hexun.com,(713) 7398443,TX,true
311,Isa,Kemster,ikemster8m@canalblog.com,(608) 8945241,WI,true
312,Bjorn,Plimmer,bplimmer8n@pbs.org,(949) 8495436,CA,true
313,Alexi,Griffe,agriffe8o@addthis.com,(571) 3729911,VA,true
314,Morgan,Doumerque,mdoumerque8p@businessinsider.com,(203) 9074794,CT,true
315,Ashlen,Antonsen,aantonsen8q@google.ca,(703) 8714896,VA,true
316,Maximilien,Baton,mbaton8r@howstuffworks.com,(915) 3702852,TX,true
317,Annette,Litzmann,alitzmann8s@fc2.com,(304) 3498811,WV,true
318,Beth,Drawmer,bdrawmer8t@sun.com,(215) 1431665,PA,true
319,Dosi,Gogarty,dgogarty8u@hc360.com,(909) 6022576,CA,true
320,Rayner,Gimber,rgimber8v@rakuten.co.jp,(859) 1320080,KY,true
321,Pattie,Dalinder,pdalinder8w@prlog.org,(772) 3267061,FL,true
322,Claiborn,Schulke,cschulke8x@geocities.jp,(901) 4704185,TN,true
323,Binky,Hartil,bhartil8y@homestead.com,(518) 9057828,NY,true
324,Dottie,Izakson,dizakson8z@gmpg.org,(215) 4944629,PA,true
325,Rubi,Waine,rwaine90@fema.gov,(951) 7552108,CA,true
326,Marjory,Laise,mlaise91@bluehost.com,(814) 7353689,PA,true
327,Nell,Ratcliffe,nratcliffe92@google.nl,(719) 7250630,CO,true
328,Brockie,Glasebrook,bglasebrook93@shutterfly.com,(585) 3965280,NY,true
329,Corbie,Souten,csouten94@yolasite.com,(763) 2318595,MN,true
330,Thia,Dawson,tdawson95@cpanel.net,(510) 4496835,CA,true
331,Osbourn,Spring,ospring96@mapy.cz,(216) 9834860,OH,true
332,Reuven,Lambillion,rlambillion97@eventbrite.com,(617) 2106731,MA,true
333,Spencer,Worboy,sworboy98@pbs.org,(682) 6219659,TX,true
334,Olva,Pizey,opizey99@marriott.com,(801) 8516983,UT,true
335,Jarred,Nuttey,jnuttey9a@topsy.com,(724) 2266899,PA,true
336,Willis,Tolossi,wtolossi9b@tmall.com,(816) 8061692,MO,true
337,Arlina,Rothermel,arothermel9c@example.com,(716) 4670355,NY,true
338,Austin,Dorcey,adorcey9d@psu.edu,(608) 9961059,WI,true
339,Joel,Harral,jharral9e@histats.com,(713) 2203567,TX,true
340,Kort,Boot,kboot9f@surveymonkey.com,(319) 9587678,IA,true
341,Ermentrude,Pavek,epavek9g@hc360.com,(212) 4696811,NY,true
342,Kearney,Kacheler,kkacheler9h@hud.gov,(816) 7797415,MO,true
343,Hall,Bettaney,hbettaney9i@mashable.com,(713) 5117269,TX,true
344,Raina,Garlee,rgarlee9j@indiatimes.com,(513) 4799071,OH,true
345,Neysa,Titta,ntitta9k@cnet.com,(419) 8321489,OH,true
346,Elsinore,Roarty,eroarty9l@prlog.org,(405) 2282194,OK,true
347,Buffy,Sivess,bsivess9m@blogger.com,(336) 2127296,NC,true
348,Juieta,McCafferky,jmccafferky9n@discovery.com,(309) 3325254,IL,true
349,Bettye,Glencrash,bglencrash9o@people.com.cn,(804) 8940269,VA,true
350,Brigg,Matyasik,bmatyasik9p@berkeley.edu,(205) 3254719,AL,true
351,Knox,Devenny,kdevenny9q@delicious.com,(971) 9560386,OR,true
352,Swen,Sumbler,ssumbler9r@dedecms.com,(619) 3736123,CA,true
353,Elladine,Hambric,ehambric9s@clickbank.net,(210) 7848502,TX,true
354,Emelen,Theunissen,etheunissen9t@domainmarket.com,(954) 7950599,FL,true
355,Emmi,Gandrich,egandrich9u@apple.com,(513) 7770931,OH,true
356,Hoebart,Cownden,hcownden9v@examiner.com,(210) 6649095,TX,true
357,Benetta,Garrie,bgarrie9w@cnn.com,(480) 6025965,AZ,true
358,Giovanni,Rake,grake9x@abc.net.au,(901) 2760584,TN,true
359,Gertrud,Kingsworth,gkingsworth9y@google.com.hk,(318) 9378467,LA,true
360,Benjie,Walrond,bwalrond9z@51.la,(404) 4562294,GA,true
361,Sheelagh,Urpeth,surpetha0@un.org,(706) 4719692,GA,true
362,Orville,Pococke,opocockea1@4shared.com,(914) 7630608,NY,true
363,Penelopa,Chambers,pchambersa2@prlog.org,(770) 9753653,GA,true
364,Meier,Herkess,mherkessa3@sun.com,(516) 4948684,NY,true
365,Umberto,Smewing,usmewinga4@smh.com.au,(510) 5712607,CA,true
366,Phelia,MacPaik,pmacpaika5@addthis.com,(812) 3114066,IN,true
367,Corilla,Chicotti,cchicottia6@dedecms.com,(202) 5334768,DC,true
368,Lucretia,Posner,lposnera7@twitter.com,(501) 6492760,AR,true
369,Holli,Blackaller,hblackallera8@weebly.com,(512) 5703619,TX,true
370,Siusan,Etheridge,setheridgea9@soundcloud.com,(832) 1840129,TX,true
371,Eugene,M'Barron,embarronaa@cnet.com,(217) 9974516,IL,true
372,Currie,Stebbin,cstebbinab@adobe.com,(318) 6750927,LA,true
373,Delia,Capey,dcapeyac@miitbeian.gov.cn,(325) 1160916,TX,true
374,Raddy,Oldroyd,roldroydad@freewebs.com,(720) 8894923,CO,true
375,Hurley,Parkes,hparkesae@hugedomains.com,(520) 6196334,AZ,true
376,Saleem,Jaszczak,sjaszczakaf@cbc.ca,(805) 4879587,CA,true
377,Mayor,Carek,mcarekag@hubpages.com,(813) 6285197,FL,true
378,Carolee,Sowood,csowoodah@engadget.com,(314) 3666722,MO,true
379,Romonda,Rounding,rroundingai@barnesandnoble.com,(202) 8077845,DC,true
380,Philipa,Wickersley,pwickersleyaj@chron.com,(205) 3191787,AL,true
381,Amos,Emmer,aemmerak@plala.or.jp,(571) 6002152,VA,true
382,Jessamyn,Trangmar,jtrangmaral@livejournal.com,(214) 8304925,TX,true
383,Tymothy,Teaz,tteazam@jalbum.net,(718) 9749547,NY,true
384,Merci,Dibden,mdibdenan@msu.edu,(817) 5385497,TX,true
385,Umeko,Maskell,umaskellao@edublogs.org,(615) 2902420,TN,true
386,Merrel,Forstall,mforstallap@china.com.cn,(812) 1969838,IN,true
387,Jinny,Smellie,jsmellieaq@pinterest.com,(319) 7534643,IA,true
388,Shirl,Wheeldon,swheeldonar@rakuten.co.jp,(706) 4235244,GA,true
389,Ariadne,Tumini,atuminias@google.com,(614) 8550707,OH,true
390,Benetta,Whitehair,bwhitehairat@istockphoto.com,(720) 1609685,CO,true
391,Claudianus,Dries,cdriesau@exblog.jp,(786) 1662795,FL,true
392,Martie,Pariss,mparissav@admin.ch,(714) 1780580,CA,true
393,Elmer,Clack,eclackaw@angelfire.com,(405) 9912759,OK,true
394,Jenny,Wiburn,jwiburnax@networkadvertising.org,(937) 5456526,OH,true
395,Shawnee,Peete,speeteay@archive.org,(315) 5889778,NY,true
396,Annmarie,Giblin,agiblinaz@networksolutions.com,(214) 9291766,TX,true
397,Pamella,Toopin,ptoopinb0@cdbaby.com,(727) 4093420,FL,true
398,Lyndsie,Crowder,lcrowderb1@aol.com,(915) 3151348,TX,true
399,Jarred,Cristofolini,jcristofolinib2@netvibes.com,(231) 2652105,MI,true
400,Rhona,Gillino,rgillinob3@lycos.com,(763) 6095539,MN,true
401,Benedikta,Paybody,bpaybodyb4@macromedia.com,(937) 4597058,OH,true
402,Raymond,Fraczak,rfraczakb5@ifeng.com,(757) 9172669,VA,true
403,Hillard,Fragino,hfraginob6@amazon.de,(651) 2454205,MN,true
404,Ebony,Luard,eluardb7@google.it,(978) 2464823,MA,true
405,Shoshanna,Pollins,spollinsb8@topsy.com,(814) 4052856,PA,true
406,Johannes,Brasener,jbrasenerb9@facebook.com,(269) 3903255,MI,true
407,Cristiano,Witten,cwittenba@homestead.com,(212) 2560276,NY,true
408,Rhianon,Benedicto,rbenedictobb@hc360.com,(718) 3520541,NY,true
409,Brande,Challis,bchallisbc@youtube.com,(574) 9790533,IN,true
410,Lonny,Afonso,lafonsobd@discuz.net,(402) 2609934,NE,true
411,Gae,Matterface,gmatterfacebe@telegraph.co.uk,(212) 9915073,NY,true
412,Rebecka,Neilus,rneilusbf@wired.com,(202) 7638115,DC,true
413,Kellby,Warbey,kwarbeybg@fastcompany.com,(603) 1948338,NH,true
414,Loutitia,Provest,lprovestbh@reddit.com,(405) 8560581,OK,true
415,Myrvyn,Ledwidge,mledwidgebi@godaddy.com,(214) 4045022,TX,true
416,Enrichetta,Sidery,esiderybj@edublogs.org,(432) 9123640,TX,true
417,Renee,Davidovich,rdavidovichbk@scientificamerican.com,(770) 1082387,GA,true
418,Eddie,Oliver,eoliverbl@discovery.com,(304) 4339320,WV,true
419,Edgardo,Harbach,eharbachbm@wikispaces.com,(714) 6049548,CA,true
420,Lewie,Peyton,lpeytonbn@bbb.org,(818) 8390086,CA,true
421,Sadye,Easton,seastonbo@businessweek.com,(504) 8097453,LA,true
422,Idelle,Lucio,iluciobp@reverbnation.com,(515) 4110696,IA,true
423,Jilly,Frill,jfrillbq@w3.org,(202) 7661349,DC,true
424,Clemente,Lingard,clingardbr@pbs.org,(504) 2280391,LA,true
425,Sherri,Danielou,sdanieloubs@vinaora.com,(805) 2219633,CA,true
426,Hyman,Vasnetsov,hvasnetsovbt@de.vu,(404) 5076984,GA,true
427,Dorena,Boise,dboisebu@delicious.com,(206) 2041079,WA,true
428,Dedra,Geraldo,dgeraldobv@bigcartel.com,(304) 9977798,WV,true
429,Shaun,Abilowitz,sabilowitzbw@scribd.com,(424) 8720138,CA,true
430,Meriel,Charville,mcharvillebx@booking.com,(210) 5242537,TX,true
431,Darwin,Setch,dsetchby@elegantthemes.com,(917) 8677906,NY,true
432,Wilhelmine,Bresnahan,wbresnahanbz@google.com.br,(562) 1119699,CA,true
433,Abramo,Urwin,aurwinc0@list-manage.com,(510) 5525793,CA,true
434,Nedi,Ribchester,nribchesterc1@shareasale.com,(310) 5677196,CA,true
435,Riccardo,Cruise,rcruisec2@umich.edu,(334) 9811082,AL,true
436,Zita,McOrkil,zmcorkilc3@china.com.cn,(414) 4397982,WI,true
437,Evey,Arckoll,earckollc4@bing.com,(360) 6421536,WA,true
438,Jobina,Giacaponi,jgiacaponic5@youku.com,(515) 6776070,IA,true
439,Bobbie,Moiser,bmoiserc6@privacy.gov.au,(757) 4728389,VA,true
440,Archaimbaud,Jiras,ajirasc7@purevolume.com,(773) 5353943,IL,true
441,Cointon,Shillitto,cshillittoc8@ca.gov,(727) 5316303,FL,true
442,Hannah,Dami,hdamic9@wikispaces.com,(704) 2842944,NC,true
443,Eldridge,Joutapavicius,ejoutapaviciusca@yelp.com,(330) 3889671,OH,true
444,Maryl,Coombes,mcoombescb@behance.net,(205) 6025786,AL,true
445,Briano,Davidson,bdavidsoncc@last.fm,(559) 6954556,CA,true
446,Maggy,Andryushin,mandryushincd@reddit.com,(512) 6618590,TX,true
447,Kimberli,Greatex,kgreatexce@adobe.com,(806) 2154140,TX,true
448,Gerianna,Baldacco,gbaldaccocf@cnn.com,(661) 1019924,CA,true
449,Danya,Lelande,dlelandecg@newsvine.com,(504) 2968482,LA,true
450,Say,Repper,srepperch@abc.net.au,(765) 5324539,IN,true
451,Bamby,Kinchley,bkinchleyci@oaic.gov.au,(765) 2257536,IN,true
452,De,Taphouse,dtaphousecj@google.co.uk,(202) 7265478,DC,true
453,Crissie,Speariett,cspeariettck@apache.org,(812) 9316470,IN,true
454,Remington,Teanby,rteanbycl@sciencedaily.com,(803) 6240902,SC,true
455,Christel,Talby,ctalbycm@reddit.com,(814) 3864491,PA,true
456,Parrnell,Jeynes,pjeynescn@europa.eu,(701) 7113139,ND,true
457,Calv,Portigall,cportigallco@discuz.net,(646) 4134202,NY,true
458,Cello,Housden,chousdencp@123-reg.co.uk,(202) 8222021,DC,true
459,Merralee,Lander,mlandercq@cyberchimps.com,(281) 3425392,TX,true
460,Dalt,Brownhill,dbrownhillcr@narod.ru,(334) 3523276,AL,true
461,Stefania,Acaster,sacastercs@spiegel.de,(714) 9879047,CA,true
462,Fin,Wooffinden,fwooffindenct@flavors.me,(614) 1865886,OH,true
463,Muire,Armsby,marmsbycu@theglobeandmail.com,(205) 3283668,AL,true
464,Kirsten,Hale,khalecv@prweb.com,(505) 6786749,NM,true
465,Skelly,Grouse,sgrousecw@noaa.gov,(316) 3924743,KS,true
466,Regine,Camis,rcamiscx@typepad.com,(915) 6865240,TX,true
467,Ailis,Deners,adenerscy@google.nl,(913) 5298567,KS,true
468,Donny,Brissard,dbrissardcz@twitpic.com,(804) 4469927,VA,true
469,Lee,Marston,lmarstond0@wikipedia.org,(570) 6202930,PA,true
470,Nickolai,Biever,nbieverd1@ezinearticles.com,(651) 3465483,MN,true
471,Jasen,Hurll,jhurlld2@oakley.com,(303) 6204257,CO,true
472,Jerrie,Nabbs,jnabbsd3@ca.gov,(212) 4151957,NY,true
473,Uriah,McKechnie,umckechnied4@de.vu,(509) 4839911,WA,true
474,Winslow,Ransfield,wransfieldd5@wix.com,(571) 8447431,VA,true
475,Franni,Whitear,fwhiteard6@disqus.com,(805) 4104425,CA,true
476,Rebecka,Nozzolii,rnozzoliid7@webmd.com,(914) 3638737,NY,true
477,Dicky,Culleford,dcullefordd8@cbsnews.com,(770) 3923251,GA,true
478,Ingelbert,D'Alessio,idalessiod9@reddit.com,(404) 4311791,GA,true
479,Miner,Rickis,mrickisda@facebook.com,(260) 6339220,IN,true
480,Viviana,Damato,vdamatodb@prlog.org,(912) 4521341,GA,true
481,Babbette,Gavaran,bgavarandc@smugmug.com,(334) 4870293,AL,true
482,Edna,Klimke,eklimkedd@ameblo.jp,(540) 4039554,VA,true
483,Delcina,Duligall,dduligallde@oaic.gov.au,(260) 5803043,IN,true
484,Rockie,Edmund,redmunddf@soundcloud.com,(626) 8393294,CA,true
485,Royal,Ciciotti,rciciottidg@admin.ch,(502) 4196874,KY,true
486,Winthrop,Tompsett,wtompsettdh@squarespace.com,(808) 9922255,HI,true
487,Moina,Aldred,maldreddi@time.com,(318) 2978092,LA,true
488,Sherie,Wootton,swoottondj@toplist.cz,(512) 6245075,TX,true
489,Sigrid,Heilds,sheildsdk@businessinsider.com,(913) 8581208,KS,true
490,Lavina,Sydry,lsydrydl@miibeian.gov.cn,(305) 1691827,FL,true
491,Tobye,Choak,tchoakdm@usgs.gov,(501) 7709122,AR,true
492,Raff,Murrow,rmurrowdn@ox.ac.uk,(210) 3626279,TX,true
493,Eustacia,Aime,eaimedo@msn.com,(314) 1581733,MO,true
494,Robbin,De Stoop,rdestoopdp@freewebs.com,(850) 4957875,FL,true
495,Sabina,De Ferrari,sdeferraridq@oaic.gov.au,(815) 7735449,IL,true
496,Allister,Petr,apetrdr@mysql.com,(571) 6793064,VA,true
497,Adriano,Benge,abengeds@discovery.com,(813) 8585792,FL,true
498,Danny,Fozzard,dfozzarddt@wordpress.org,(302) 1528705,DE,true
499,Bearnard,Haxbie,bhaxbiedu@dyndns.org,(904) 9013910,FL,true
500,Monro,Whannel,mwhanneldv@cnbc.com,(215) 9556170,PA,true
501,Stephi,Brettell,sbrettelldw@zdnet.com,(212) 1738799,NY,true
502,Betteanne,Pressman,bpressmandx@quantcast.com,(480) 9505004,AZ,true
503,Lynelle,Knolles-Green,lknollesgreendy@creativecommons.org,(502) 9819668,KY,true
504,Elli,Mayoral,emayoraldz@zdnet.com,(316) 1326543,KS,true
505,Nert,Medland,nmedlande0@toplist.cz,(510) 4704686,CA,true
506,Jobi,Cancellor,jcancellore1@wp.com,(404) 8922599,GA,true
507,Dominick,Wolseley,dwolseleye2@google.es,(972) 5228890,TX,true
508,Linn,Hollow,lhollowe3@google.co.uk,(952) 2509915,MN,true
509,Lorenza,Eadington,leadingtone4@rambler.ru,(717) 8719793,PA,true
510,Daphene,Corssen,dcorssene5@shop-pro.jp,(202) 5478374,DC,true
511,Alexi,Garside,agarsidee6@google.ca,(330) 3443426,OH,true
512,Jacquenette,Christopherson,jchristophersone7@cam.ac.uk,(727) 1673431,FL,true
513,Cristiano,Loughhead,cloughheade8@creativecommons.org,(417) 1951671,MO,true
514,Rodney,Brydon,rbrydone9@disqus.com,(210) 8462100,TX,true
515,Edita,Pavier,epavierea@latimes.com,(414) 6442571,WI,true
516,Elsy,Laffoley-Lane,elaffoleylaneeb@jalbum.net,(307) 1815770,WY,true
517,Isahella,Grigorey,igrigoreyec@nyu.edu,(571) 3356120,VA,true
518,Ario,Blasius,ablasiused@smugmug.com,(540) 7138944,VA,true
519,Amargo,Banasik,abanasikee@jigsy.com,(562) 9767105,CA,true
520,Jenifer,Lilbourne,jlilbourneef@umn.edu,(215) 4092622,PA,true
521,Romain,Haughin,rhaughineg@surveymonkey.com,(337) 2029581,LA,true
522,Kizzee,McFadin,kmcfadineh@mac.com,(323) 8100630,CA,true
523,Mufi,Hursthouse,mhursthouseei@nytimes.com,(502) 6584828,KY,true
524,Jerrine,Fancott,jfancottej@photobucket.com,(502) 3389093,KY,true
525,Danica,Ziemens,dziemensek@privacy.gov.au,(719) 3311019,CO,true
526,Madelin,Cruden,mcrudenel@deliciousdays.com,(214) 5116684,TX,true
527,Tymothy,Fleming,tflemingem@nymag.com,(850) 2460951,FL,true
528,Corbin,Sivil,csivilen@parallels.com,(971) 9920603,OR,true
529,Rodd,Aneley,raneleyeo@dyndns.org,(260) 4686741,IN,true
530,Dorita,Fleury,dfleuryep@ovh.net,(212) 8957004,NY,true
531,Lesley,Heymes,lheymeseq@smh.com.au,(952) 2535174,MN,true
532,Arlene,O' Hanvey,aohanveyer@addthis.com,(419) 3009909,OH,true
533,Melva,Boffin,mboffines@cam.ac.uk,(513) 6707388,OH,true
534,Tana,Slade,tsladeet@toplist.cz,(602) 5794975,AZ,true
535,Iosep,McGlew,imcgleweu@bluehost.com,(254) 3703903,TX,true
536,Jase,Gaskarth,jgaskarthev@last.fm,(502) 5272373,KY,true
537,Hallie,Pattemore,hpattemoreew@taobao.com,(202) 8666635,DC,true
538,Noe,Yorston,nyorstonex@hp.com,(619) 9493252,CA,true
539,Gary,Lympenie,glympenieey@parallels.com,(202) 8653940,DC,true
540,Juan,Broseke,jbrosekeez@apache.org,(415) 4546557,CA,true
541,Maryjo,Pulley,mpulleyf0@google.com,(410) 3594016,MD,true
542,Winnie,Merrgen,wmerrgenf1@csmonitor.com,(512) 2035755,TX,true
543,Ellerey,Thoresbie,ethoresbief2@soundcloud.com,(915) 8455201,TX,true
544,Velvet,Kubach,vkubachf3@yolasite.com,(973) 2303909,NJ,true
545,Nahum,Drains,ndrainsf4@patch.com,(847) 2752754,IL,true
546,Elvina,Hanshaw,ehanshawf5@wikia.com,(773) 9152912,IL,true
547,Bel,Loxston,bloxstonf6@drupal.org,(510) 4525470,CA,true
548,Rafaellle,McCourtie,rmccourtief7@aol.com,(865) 1872566,TN,true
549,Freddie,Borrell,fborrellf8@google.fr,(850) 7133425,FL,true
550,Karlene,Stratiff,kstratifff9@flavors.me,(910) 9599062,NC,true
551,Elmo,Cahey,ecaheyfa@wunderground.com,(330) 7207510,OH,true
552,Westleigh,Simenet,wsimenetfb@dion.ne.jp,(860) 4703972,CT,true
553,Hugh,Crawshaw,hcrawshawfc@fema.gov,(405) 9406385,OK,true
554,Mike,Gauler,mgaulerfd@pinterest.com,(213) 9709756,CA,true
555,Zarla,Aleksashin,zaleksashinfe@cargocollective.com,(215) 6214986,PA,true
556,Ronica,Money,rmoneyff@hao123.com,(202) 1452883,DC,true
557,Neala,Lafayette,nlafayettefg@umich.edu,(612) 5369104,MN,true
558,Christophorus,Brittan,cbrittanfh@netvibes.com,(915) 2726818,TX,true
559,Marlin,Portt,mporttfi@vkontakte.ru,(858) 2777937,CA,true
560,Lorant,Yardy,lyardyfj@hp.com,(864) 4164311,SC,true
561,Edmund,Redhills,eredhillsfk@theglobeandmail.com,(443) 1756510,MD,true
562,Clarissa,Baldocci,cbaldoccifl@sciencedirect.com,(714) 7698600,CA,true
563,Cobb,Avo,cavofm@jugem.jp,(862) 5120261,NJ,true
564,Bertie,Geraldez,bgeraldezfn@godaddy.com,(305) 8305212,FL,true
565,Cullie,Hazart,chazartfo@g.co,(225) 9411167,LA,true
566,Russ,Verryan,rverryanfp@umn.edu,(405) 1403144,OK,true
567,Kayle,Liversidge,kliversidgefq@technorati.com,(907) 7201263,AK,true
568,Carl,Ferminger,cfermingerfr@bbb.org,(202) 9085119,DC,true
569,Clementius,Gariff,cgarifffs@google.ru,(786) 9338499,FL,true
570,Rodger,Cattrell,rcattrellft@histats.com,(323) 4668347,CA,true
571,Dorice,Howden,dhowdenfu@prlog.org,(415) 8408763,CA,true
572,Clay,Dacombe,cdacombefv@irs.gov,(347) 2765424,NY,true
573,Clint,Glozman,cglozmanfw@lycos.com,(513) 8874537,OH,true
574,Lizbeth,Marsland,lmarslandfx@nhs.uk,(309) 5882640,IL,true
575,Kipper,Guihen,kguihenfy@weibo.com,(650) 4258278,CA,true
576,Francisco,Rangle,franglefz@flavors.me,(212) 5894516,NY,true
577,Ilene,Sautter,isautterg0@squarespace.com,(213) 4615349,CA,true
578,Scotty,Edgecombe,sedgecombeg1@tripod.com,(219) 9739901,IN,true
579,Reinaldos,O'Carney,rocarneyg2@columbia.edu,(512) 3089683,TX,true
580,Lyndsie,Pohl,lpohlg3@berkeley.edu,(303) 7783366,CO,true
581,Meagan,Frowde,mfrowdeg4@soup.io,(281) 3305264,TX,true
582,Marika,Cockcroft,mcockcroftg5@biblegateway.com,(202) 3785056,DC,true
583,Jules,Workman,jworkmang6@nyu.edu,(410) 5979547,MD,true
584,Calvin,Cromly,ccromlyg7@t-online.de,(406) 3991008,MT,true
585,David,Bassford,dbassfordg8@jigsy.com,(718) 3666684,NY,true
586,Darcee,Augustin,daugusting9@g.co,(504) 4020544,LA,true
587,Ashia,Carverhill,acarverhillga@stumbleupon.com,(310) 4689030,CA,true
588,Isador,Addison,iaddisongb@state.gov,(215) 8901163,PA,true
589,Edsel,Openshaw,eopenshawgc@howstuffworks.com,(570) 3622537,PA,true
590,Gaelan,Howden,ghowdengd@auda.org.au,(334) 2324033,AL,true
591,Kendall,Carefull,kcarefullge@cnbc.com,(716) 7371939,NY,true
592,Daron,Olekhov,dolekhovgf@opensource.org,(760) 5083727,CA,true
593,Shurwood,Smullin,ssmullingg@dmoz.org,(253) 3554088,WA,true
594,Luce,Dahlback,ldahlbackgh@nasa.gov,(309) 3959661,IL,true
595,Bryon,Stemp,bstempgi@amazon.de,(518) 8028787,NY,true
596,Hagan,Hirtz,hhirtzgj@nbcnews.com,(414) 3670698,WI,true
597,Winnifred,Mouland,wmoulandgk@domainmarket.com,(757) 6258016,VA,true
598,Sheilah,Danielian,sdanieliangl@eepurl.com,(804) 2360800,VA,true
599,Pascale,Lindro,plindrogm@huffingtonpost.com,(435) 6326065,UT,true
600,Wittie,Vaillant,wvaillantgn@tuttocitta.it,(804) 4495705,VA,true
601,Belia,Opfer,bopfergo@bravesites.com,(408) 1364916,CA,true
602,Madeline,MacKey,mmackeygp@ameblo.jp,(801) 5453299,UT,true
603,Aeriela,Branchflower,abranchflowergq@dailymotion.com,(316) 3936137,KS,true
604,Bar,Evens,bevensgr@shinystat.com,(203) 5541963,CT,true
605,Leela,Fairall,lfairallgs@si.edu,(260) 8335403,IN,true
606,Dina,Kiraly,dkiralygt@csmonitor.com,(910) 2294292,NC,true
607,Quintilla,Meffin,qmeffingu@seattletimes.com,(704) 1451129,NC,true
608,Avram,Faber,afabergv@engadget.com,(615) 4502935,TN,true
609,Dotty,Grieves,dgrievesgw@biblegateway.com,(678) 3673552,GA,true
610,Jillie,Thewlis,jthewlisgx@topsy.com,(850) 3114287,FL,true
611,Alyosha,Asprey,aaspreygy@theglobeandmail.com,(254) 9360318,TX,true
612,Shep,Eam,seamgz@cisco.com,(951) 1301311,CA,true
613,Orbadiah,Seagrove,oseagroveh0@omniture.com,(727) 6314412,FL,true
614,Shanon,Antonchik,santonchikh1@scribd.com,(774) 2814037,MA,true
615,Tremayne,Lorain,tlorainh2@istockphoto.com,(312) 3530202,IL,true
616,Tim,Greggor,tgreggorh3@purevolume.com,(214) 3708005,TX,true
617,Aryn,Haberfield,ahaberfieldh4@fc2.com,(424) 5967141,CA,true
618,Livvyy,Beauchop,lbeauchoph5@jimdo.com,(718) 1430095,NY,true
619,Xylina,Haville,xhavilleh6@tamu.edu,(561) 1743227,FL,true
620,Mercie,Whiley,mwhileyh7@flickr.com,(561) 4215762,FL,true
621,Hammad,Korneichik,hkorneichikh8@slashdot.org,(952) 1382285,MN,true
622,Bard,Oldknow,boldknowh9@ucla.edu,(818) 3057634,CA,true
623,Sayres,Tallow,stallowha@simplemachines.org,(404) 9128632,GA,true
624,Tierney,MacTrusty,tmactrustyhb@prlog.org,(610) 8450893,PA,true
625,Obadiah,Hierro,ohierrohc@java.com,(303) 1463817,CO,true
626,Cord,Side,csidehd@nydailynews.com,(920) 2969092,WI,true
627,Artur,Soppeth,asoppethhe@xing.com,(608) 2728612,WI,true
628,Alasteir,Laughrey,alaughreyhf@comsenz.com,(518) 7162610,NY,true
629,Mattheus,Farherty,mfarhertyhg@auda.org.au,(515) 2784516,IA,true
630,Carlota,Marcos,cmarcoshh@npr.org,(212) 6870254,NY,true
631,Gabriel,Streader,gstreaderhi@g.co,(303) 3857623,CO,true
632,Shelba,Pawlowicz,spawlowiczhj@opera.com,(321) 9475074,FL,true
633,Cyrill,Minci,cmincihk@google.com.hk,(865) 9993084,TN,true
634,Janean,Casemore,jcasemorehl@mapquest.com,(704) 5391008,NC,true
635,Enriqueta,Seagrave,eseagravehm@ebay.co.uk,(754) 8524194,FL,true
636,Grazia,Franke,gfrankehn@cbslocal.com,(206) 9413893,WA,true
637,Rodrique,Arnau,rarnauho@miitbeian.gov.cn,(515) 7348674,IA,true
638,Joeann,Ough,joughhp@globo.com,(830) 3685817,TX,true
639,Lesley,Parsisson,lparsissonhq@state.tx.us,(718) 5771423,NY,true
640,Blake,Naismith,bnaismithhr@skyrock.com,(915) 2180345,TX,true
641,Sandy,Coultish,scoultishhs@edublogs.org,(202) 4242027,DC,true
642,Leshia,Gillivrie,lgillivrieht@house.gov,(303) 5958378,CO,true
643,Ambrose,Koschek,akoschekhu@mayoclinic.com,(336) 3775870,NC,true
644,Nikoletta,Rastrick,nrastrickhv@nationalgeographic.com,(315) 8766669,NY,true
645,Rourke,Chowne,rchownehw@imageshack.us,(334) 4197174,AL,true
646,Maiga,Rawlence,mrawlencehx@studiopress.com,(571) 4840948,VA,true
647,Geraldine,Ridgeway,gridgewayhy@tamu.edu,(281) 4529430,TX,true
648,Katerina,Ramlot,kramlothz@ameblo.jp,(619) 1496704,CA,true
649,Leigh,Featley,lfeatleyi0@ibm.com,(609) 2353655,NJ,true
650,Heather,Proudlock,hproudlocki1@posterous.com,(678) 2162155,GA,true
651,Lianne,Witherby,lwitherbyi2@shinystat.com,(501) 6206057,AR,true
652,Shoshana,Starkie,sstarkiei3@hc360.com,(801) 3253756,UT,true
653,Emalia,Lucian,eluciani4@pbs.org,(217) 3164720,IL,true
654,Gregor,MacMichael,gmacmichaeli5@cyberchimps.com,(202) 4144992,DC,true
655,Miguelita,Dunsmuir,mdunsmuiri6@java.com,(706) 3166178,GA,true
656,Carlee,Spat,cspati7@answers.com,(713) 9228372,TX,true
657,Innis,Ben,ibeni8@spotify.com,(509) 3178803,WA,true
658,Odie,Blurton,oblurtoni9@networkadvertising.org,(205) 8146180,AL,true
659,Harley,Mounch,hmounchia@clickbank.net,(407) 6155876,FL,true
660,Minny,Ville,mvilleib@google.es,(601) 6129674,MS,true
661,Genovera,Lauga,glaugaic@slashdot.org,(760) 5109211,CA,true
662,Florance,Oiller,foillerid@utexas.edu,(309) 1332447,IL,true
663,Wallis,Kuhl,wkuhlie@patch.com,(704) 3740857,NC,true
664,Louisa,Foux,lfouxif@twitpic.com,(202) 8208418,DC,true
665,Chere,Haslum,chaslumig@oracle.com,(602) 7698508,AZ,true
666,Clary,Sherrell,csherrellih@ucoz.ru,(954) 2339230,FL,true
667,Katrina,Ashdown,kashdownii@angelfire.com,(864) 1810424,SC,true
668,Dominick,Mollon,dmollonij@newyorker.com,(214) 5423085,TX,true
669,Jeannie,Restorick,jrestorickik@paginegialle.it,(757) 5622132,VA,true
670,Arie,Warstall,awarstallil@nasa.gov,(719) 4048931,CO,true
671,Harlen,Hynes,hhynesim@goo.gl,(480) 5456083,AZ,true
672,Claudette,Baldack,cbaldackin@blogtalkradio.com,(763) 2399530,MN,true
673,Dov,Crickmer,dcrickmerio@google.es,(781) 5190405,MA,true
674,Gualterio,Craft,gcraftip@squidoo.com,(434) 9584419,VA,true
675,Waverley,Shrubb,wshrubbiq@over-blog.com,(727) 5184495,FL,true
676,Karlotte,Capelow,kcapelowir@flavors.me,(414) 6538924,WI,true
677,Sydel,Fosh,sfoshis@51.la,(307) 8857861,WY,true
678,Parke,Habbal,phabbalit@diigo.com,(718) 1955089,NY,true
679,Garwood,Minchenton,gminchentoniu@google.de,(507) 1897706,MN,true
680,Alexandrina,Valeri,avaleriiv@google.de,(954) 7822000,FL,true
681,Masha,Haymes,mhaymesiw@newsvine.com,(260) 8340474,IN,true
682,Nahum,Ferron,nferronix@eepurl.com,(281) 8793142,TX,true
683,Louis,Melonby,lmelonbyiy@cnbc.com,(408) 1123795,CA,true
684,Patrice,Bullivent,pbulliventiz@nba.com,(860) 1788602,CT,true
685,Britteny,MacIlory,bmaciloryj0@fema.gov,(508) 3813501,MA,true
686,Franky,Odgaard,fodgaardj1@stumbleupon.com,(325) 9245994,TX,true
687,Rodd,Nussii,rnussiij2@fastcompany.com,(408) 4733941,CA,true
688,Shell,Chesher,schesherj3@springer.com,(503) 9811293,OR,true
689,Loree,Ateggart,lateggartj4@creativecommons.org,(702) 9149558,NV,true
690,Petr,Addekin,paddekinj5@prweb.com,(215) 1486611,PA,true
691,Samuele,Peirson,speirsonj6@lycos.com,(608) 6337491,WI,true
692,Kirbie,Leng,klengj7@jalbum.net,(626) 8915626,CA,true
693,Michele,Spooner,mspoonerj8@state.gov,(701) 5144793,ND,true
694,Modestine,Plank,mplankj9@vinaora.com,(818) 9505126,CA,true
695,Tybie,Shobbrook,tshobbrookja@redcross.org,(231) 8550500,MI,true
696,Niles,Synder,nsynderjb@dion.ne.jp,(617) 3399500,MA,true
697,Lib,Peachey,lpeacheyjc@ucoz.ru,(951) 9735060,CA,true
698,Karlis,Downton,kdowntonjd@seesaa.net,(413) 7994166,MA,true
699,Zorah,Halmkin,zhalmkinje@moonfruit.com,(801) 7805042,UT,true
700,Tan,Hagland,thaglandjf@upenn.edu,(607) 2740440,NY,true
701,Cheslie,Berick,cberickjg@amazonaws.com,(714) 5688981,CA,true
702,Gordon,Canniffe,gcanniffejh@ibm.com,(559) 6786749,CA,true
703,Bondon,Veel,bveelji@columbia.edu,(952) 1001646,MN,true
704,Yoshiko,Pafford,ypaffordjj@pen.io,(314) 8238457,MO,true
705,Fawnia,Blezard,fblezardjk@joomla.org,(209) 8488077,CA,true
706,Sofia,Widd,swiddjl@sbwire.com,(772) 2255459,FL,true
707,Stesha,Laven,slavenjm@msu.edu,(515) 4994640,IA,true
708,Art,Blance,ablancejn@linkedin.com,(858) 4671217,CA,true
709,Charmine,Wardlaw,cwardlawjo@cbsnews.com,(410) 1915867,MD,true
710,Englebert,Laycock,elaycockjp@twitter.com,(718) 1418521,NY,true
711,Barbee,Hamner,bhamnerjq@ihg.com,(626) 6660153,CA,true
712,Blaine,Cromett,bcromettjr@paginegialle.it,(801) 5840354,UT,true
713,Glyn,Sterre,gsterrejs@is.gd,(231) 3543712,MI,true
714,Bernardine,Croose,bcroosejt@cnet.com,(518) 4518695,NY,true
715,Henri,McKleod,hmckleodju@cbc.ca,(505) 2279421,NM,true
716,Regen,Leavens,rleavensjv@51.la,(859) 6619211,KY,true
717,Elias,Giannazzo,egiannazzojw@odnoklassniki.ru,(704) 3923778,NC,true
718,Salvidor,Burdon,sburdonjx@shinystat.com,(650) 4698372,CA,true
719,Saw,Irving,sirvingjy@mapy.cz,(315) 9343386,NY,true
720,Peyton,Micklem,pmicklemjz@cocolog-nifty.com,(214) 4176193,TX,true
721,Selinda,Meco,smecok0@wisc.edu,(919) 5296547,NC,true
722,Tobit,Kunneke,tkunnekek1@livejournal.com,(202) 5790160,DC,true
723,Rodrique,Balderson,rbaldersonk2@spotify.com,(617) 9678895,MA,true
724,Waverly,Barthelemy,wbarthelemyk3@lycos.com,(614) 8574841,OH,true
725,Arlee,Smedmoor,asmedmoork4@hatena.ne.jp,(843) 1740825,SC,true
726,Gretal,Tarte,gtartek5@cmu.edu,(260) 1103607,IN,true
727,Gavan,Vedekhov,gvedekhovk6@jiathis.com,(478) 1705196,GA,true
728,Fowler,Durram,fdurramk7@senate.gov,(817) 1716638,TX,true
729,Myrlene,Brackpool,mbrackpoolk8@godaddy.com,(607) 8288685,NY,true
730,Stan,Dando,sdandok9@cbsnews.com,(713) 5937675,TX,true
731,Wye,Haughey,whaugheyka@deliciousdays.com,(803) 2226589,SC,true
732,Suellen,Edrich,sedrichkb@indiegogo.com,(757) 3730668,VA,true
733,Theresa,O'Kynsillaghe,tokynsillaghekc@wikispaces.com,(408) 5890929,CA,true
734,Aurie,Tester,atesterkd@irs.gov,(817) 3659669,TX,true
735,Tabbatha,Kelby,tkelbyke@diigo.com,(626) 3121859,CA,true
736,Fleur,Lavell,flavellkf@mysql.com,(909) 4088662,CA,true
737,Townsend,Callington,tcallingtonkg@about.com,(816) 2993787,MO,true
738,Annamarie,Inman,ainmankh@example.com,(314) 6947914,MO,true
739,Rikki,Korpolak,rkorpolakki@umich.edu,(516) 1104389,NY,true
740,Ancell,Kubicka,akubickakj@about.com,(336) 4428773,NC,true
741,Jaynell,Bubear,jbubearkk@webs.com,(212) 4110857,NY,true
742,Mahmud,McKelvie,mmckelviekl@ocn.ne.jp,(616) 5246974,MI,true
743,Ezequiel,Cayford,ecayfordkm@vimeo.com,(203) 6765441,CT,true
744,Jorry,Clail,jclailkn@purevolume.com,(972) 5047899,TX,true
745,Anabelle,Fillon,afillonko@geocities.com,(832) 7582976,TX,true
746,Den,Dumingo,ddumingokp@over-blog.com,(313) 2070665,MI,true
747,Sabra,Grimwad,sgrimwadkq@jiathis.com,(509) 5453471,WA,true
748,Darsey,Trodden,dtroddenkr@dell.com,(951) 9933902,CA,true
749,Pauly,Le Surf,plesurfks@walmart.com,(202) 2838391,DC,true
750,Ezekiel,Headon,eheadonkt@blog.com,(704) 2819399,NC,true
751,Guillermo,Abercromby,gabercrombyku@google.fr,(304) 3633691,WV,true
752,Launce,Skylett,lskylettkv@springer.com,(405) 3234002,OK,true
753,Vyky,Sigge,vsiggekw@forbes.com,(615) 7747898,TN,true
754,Arlette,Brameld,abrameldkx@stumbleupon.com,(513) 6893669,OH,true
755,Eirena,Strafen,estrafenky@washingtonpost.com,(918) 1639754,OK,true
756,Marcille,Ferronet,mferronetkz@123-reg.co.uk,(916) 5079580,CA,true
757,Delly,Coode,dcoodel0@skype.com,(619) 1098124,CA,true
758,Georgine,Grigorio,ggrigoriol1@usda.gov,(971) 7330122,OR,true
759,Clevie,Wookey,cwookeyl2@w3.org,(509) 6137901,WA,true
760,Xenos,Habin,xhabinl3@discovery.com,(303) 7228252,CO,true
761,Britt,Keddey,bkeddeyl4@google.ru,(616) 2907848,MI,true
762,Bidget,Mingauld,bmingauldl5@wikimedia.org,(812) 4521827,IN,true
763,Barrie,Fishenden,bfishendenl6@examiner.com,(714) 4702944,CA,true
764,Lane,Atack,latackl7@hostgator.com,(818) 3160126,CA,true
765,Karlan,Gorgen,kgorgenl8@harvard.edu,(601) 6437345,MS,true
766,Mada,Alenshev,malenshevl9@tripod.com,(805) 1214938,CA,true
767,Adrea,Thickett,athickettla@disqus.com,(404) 9691040,GA,true
768,Angelia,Flohard,aflohardlb@adobe.com,(561) 7642609,FL,true
769,Murdock,Gonthier,mgonthierlc@purevolume.com,(312) 4011132,IL,true
770,Hyacinthe,Ashforth,hashforthld@lycos.com,(508) 3829153,MA,true
771,Lynda,Deverick,ldeverickle@1und1.de,(682) 8462148,TX,true
772,Madison,Tetley,mtetleylf@eventbrite.com,(562) 1439904,CA,true
773,Thornie,Rojahn,trojahnlg@php.net,(314) 7952046,MO,true
774,Addy,Redding,areddinglh@nsw.gov.au,(202) 6508898,DC,true
775,Sandie,Asson,sassonli@ameblo.jp,(651) 1439756,MN,true
776,Kimmie,Radmore,kradmorelj@ovh.net,(937) 1753796,OH,true
777,Nessie,Gommes,ngommeslk@pinterest.com,(214) 8139300,TX,true
778,Adelbert,Lamburn,alamburnll@nih.gov,(208) 5068803,ID,true
779,Ferdinande,Scranedge,fscranedgelm@buzzfeed.com,(626) 1641995,CA,true
780,Kimberley,Parades,kparadesln@diigo.com,(213) 2684549,CA,true
781,Lonnie,De Ruggiero,lderuggierolo@alibaba.com,(202) 1967919,DC,true
782,Felipe,Harriday,fharridaylp@ox.ac.uk,(562) 5271231,CA,true
783,Katinka,Kirsop,kkirsoplq@oaic.gov.au,(310) 1789979,CA,true
784,Stevie,Romaynes,sromayneslr@freewebs.com,(229) 2471767,GA,true
785,Jereme,Illwell,jillwellls@gravatar.com,(509) 4247224,WA,true
786,Ravid,Stocking,rstockinglt@wikimedia.org,(605) 2116273,SD,true
787,Staffard,Rosenblatt,srosenblattlu@symantec.com,(813) 2933080,FL,true
788,Tan,Leabeater,tleabeaterlv@posterous.com,(480) 4286631,AZ,true
789,Prescott,Brosel,pbrosellw@umn.edu,(434) 1837835,VA,true
790,Nealson,Sheepy,nsheepylx@google.pl,(316) 6810159,KS,true
791,Ulrike,McGennis,umcgennisly@gizmodo.com,(972) 8938237,TX,true
792,Frasco,Blare,fblarelz@ox.ac.uk,(305) 6923514,FL,true
793,Tallie,Crowch,tcrowchm0@hud.gov,(937) 4615699,OH,true
794,Vanya,Giron,vgironm1@yahoo.co.jp,(775) 6764241,NV,true
795,Rita,Philippet,rphilippetm2@state.tx.us,(612) 1676094,MN,true
796,Deina,Munslow,dmunslowm3@simplemachines.org,(702) 4528013,NV,true
797,Arty,Woolbrook,awoolbrookm4@yale.edu,(405) 4864535,OK,true
798,Jorry,Backman,jbackmanm5@epa.gov,(313) 3485295,MI,true
799,Goldy,Bowland,gbowlandm6@devhub.com,(510) 1381796,CA,true
800,Perl,Getten,pgettenm7@wisc.edu,(507) 8660985,MN,true
801,Milzie,Longmead,mlongmeadm8@japanpost.jp,(616) 2409153,MI,true
802,Dyanne,Trim,dtrimm9@msu.edu,(727) 8386669,FL,true
803,Gerard,Hugett,ghugettma@unicef.org,(502) 3987347,KY,true
804,Wilburt,Sweetenham,wsweetenhammb@storify.com,(610) 2207446,PA,true
805,Nelli,Louch,nlouchmc@google.co.uk,(727) 7554913,FL,true
806,Karlotta,Ianson,kiansonmd@ucsd.edu,(813) 1456091,FL,true
807,Kaycee,Medland,kmedlandme@usa.gov,(513) 4646199,OH,true
808,Deeanne,Tobin,dtobinmf@issuu.com,(253) 5228773,WA,true
809,Paulita,Keysall,pkeysallmg@dion.ne.jp,(402) 8702905,NE,true
810,Erminie,Gobeaux,egobeauxmh@blogs.com,(302) 2692666,DE,true
811,Haskel,De L'Isle,hdelislemi@nytimes.com,(619) 5886396,CA,true
812,Jaynell,Chable,jchablemj@eventbrite.com,(330) 4756904,OH,true
813,Sheri,Dark,sdarkmk@networkadvertising.org,(404) 6256895,GA,true
814,Jacki,Speke,jspekeml@washingtonpost.com,(805) 9496477,CA,true
815,Denna,Lanmeid,dlanmeidmm@google.co.uk,(316) 8445579,KS,true
816,Herschel,Flanaghan,hflanaghanmn@businessweek.com,(205) 2077432,AL,true
817,Sheela,Alford,salfordmo@hibu.com,(775) 1274973,NV,true
818,Chevy,Simnor,csimnormp@people.com.cn,(209) 1784310,CA,true
819,Devin,Armitage,darmitagemq@wired.com,(313) 2342347,MI,true
820,Starr,Fensome,sfensomemr@twitter.com,(713) 6430042,TX,true
821,Adiana,Tomczak,atomczakms@ucsd.edu,(202) 7376451,DC,true
822,Zared,Orwin,zorwinmt@yahoo.com,(801) 1367501,UT,true
823,Raeann,Claiden,rclaidenmu@ftc.gov,(571) 3035636,VA,true
824,Marjorie,Cadreman,mcadremanmv@nps.gov,(951) 2701778,CA,true
825,Amelita,Chifney,achifneymw@delicious.com,(503) 8280199,OR,true
826,Allie,Cooch,acoochmx@google.fr,(305) 4788293,FL,true
827,Royce,Tolan,rtolanmy@webnode.com,(915) 2558547,TX,true
828,Craggie,Hairesnape,chairesnapemz@canalblog.com,(502) 2644979,KY,true
829,Pace,Rowan,prowann0@ca.gov,(212) 4964237,NY,true
830,Korey,Buzza,kbuzzan1@toplist.cz,(804) 4765885,VA,true
831,Katlin,Adamo,kadamon2@theatlantic.com,(702) 9874405,NV,true
832,Dreddy,Yeldon,dyeldonn3@livejournal.com,(916) 8881159,CA,true
833,Batholomew,Edens,bedensn4@mac.com,(773) 4791038,IL,true
834,Saidee,Whimp,swhimpn5@businessweek.com,(727) 2403495,FL,true
835,Maybelle,Beeble,mbeeblen6@google.com.br,(212) 3681234,NY,true
836,Reg,Pilger,rpilgern7@hp.com,(757) 8054133,VA,true
837,Raimundo,Balharrie,rbalharrien8@bandcamp.com,(617) 5104799,MA,true
838,Errol,Barlie,ebarlien9@github.io,(404) 9053596,GA,true
839,Natal,Giacomozzo,ngiacomozzona@phpbb.com,(915) 3754178,TX,true
840,Crysta,Dumphy,cdumphynb@harvard.edu,(405) 7589023,OK,true
841,Franklyn,Durrett,fdurrettnc@guardian.co.uk,(804) 7028621,VA,true
842,Almeda,St. Aubyn,astaubynnd@tiny.cc,(309) 3609863,IL,true
843,Chalmers,Riddel,criddelne@parallels.com,(415) 9912449,CA,true
844,Kaja,Garratty,kgarrattynf@aol.com,(330) 2782081,OH,true
845,Gilbert,Ruprich,gruprichng@indiegogo.com,(303) 9124790,CO,true
846,Beltran,Kadar,bkadarnh@archive.org,(206) 7318191,WA,true
847,Estel,Scholler,eschollerni@flickr.com,(574) 8558231,IN,true
848,Rosette,Couser,rcousernj@ftc.gov,(608) 8830615,WI,true
849,Mela,McShee,mmcsheenk@google.fr,(615) 1602626,TN,true
850,Aline,Wigin,awiginnl@myspace.com,(850) 4205281,FL,true
851,Vikki,Renzullo,vrenzullonm@fc2.com,(303) 2149553,CO,true
852,Alia,Signe,asignenn@ning.com,(503) 6943136,OR,true
853,Eyde,Herche,ehercheno@php.net,(989) 2027937,MI,true
854,Larisa,Clapperton,lclappertonnp@macromedia.com,(816) 5391213,MO,true
855,Sindee,Mitkcov,smitkcovnq@etsy.com,(661) 8472353,CA,true
856,Vernice,Stannion,vstannionnr@indiatimes.com,(361) 4847561,TX,true
857,Larissa,Busch,lbuschns@nationalgeographic.com,(616) 8048703,MI,true
858,Mortimer,De Ferraris,mdeferrarisnt@myspace.com,(785) 3532181,KS,true
859,Lonna,McPhillips,lmcphillipsnu@kickstarter.com,(757) 8536679,VA,true
860,Concordia,Oliver,colivernv@blog.com,(240) 4318722,MD,true
861,Sherline,Trace,stracenw@gov.uk,(253) 8697552,WA,true
862,Ronny,Darrigone,rdarrigonenx@amazon.co.jp,(317) 6310135,IN,true
863,Bradly,Olner,bolnerny@amazon.co.jp,(702) 6972609,NV,true
864,Robby,Mersey,rmerseynz@php.net,(513) 7490025,OH,true
865,Julieta,Lenormand,jlenormando0@1und1.de,(518) 6290457,NY,true
866,Dotti,Enderlein,denderleino1@prlog.org,(903) 8219601,TX,true
867,Lorinda,Beckworth,lbeckwortho2@epa.gov,(832) 6184374,TX,true
868,Lalo,Younglove,lyoungloveo3@sciencedirect.com,(408) 2444203,CA,true
869,Marlene,Lugden,mlugdeno4@sohu.com,(909) 9487354,CA,true
870,Carline,Presidey,cpresideyo5@usda.gov,(404) 7732593,GA,true
871,Sadella,Armsden,sarmsdeno6@china.com.cn,(859) 6078611,KY,true
872,Aron,Garbar,agarbaro7@zimbio.com,(414) 5618734,WI,true
873,Al,Giacopetti,agiacopettio8@cargocollective.com,(210) 2137470,TX,true
874,Tamqrah,Grewe,tgreweo9@latimes.com,(334) 9421237,AL,true
875,Quintina,Keogh,qkeoghoa@friendfeed.com,(404) 3540849,GA,true
876,Madelene,Digg,mdiggob@hexun.com,(772) 7083826,FL,true
877,Burch,Hirsthouse,bhirsthouseoc@chron.com,(318) 3182106,LA,true
878,Dorita,Pelos,dpelosod@toplist.cz,(754) 4911852,FL,true
879,Dolf,Barnet,dbarnetoe@theatlantic.com,(928) 8234075,AZ,true
880,Whitney,Corbitt,wcorbittof@latimes.com,(814) 2366662,PA,true
881,Eward,Huish,ehuishog@twitter.com,(406) 2478698,MT,true
882,Brant,Blabey,bblabeyoh@cdc.gov,(304) 6053171,WV,true
883,Pris,Postgate,ppostgateoi@fotki.com,(443) 8490193,MD,true
884,Winona,Lethcoe,wlethcoeoj@squarespace.com,(714) 1953930,CA,true
885,Livvy,Reina,lreinaok@squidoo.com,(518) 8145394,NY,true
886,Stace,Yanukhin,syanukhinol@github.com,(971) 3520026,OR,true
887,Natassia,Waison,nwaisonom@newyorker.com,(334) 8537699,AL,true
888,Ferdinand,Sparwell,fsparwellon@rediff.com,(704) 3232800,NC,true
889,Teodorico,Fairholme,tfairholmeoo@wisc.edu,(518) 5369672,NY,true
890,Fayth,Vanichkin,fvanichkinop@imgur.com,(361) 5906044,TX,true
891,Shauna,Avrahamy,savrahamyoq@kickstarter.com,(212) 6228486,NY,true
892,Elana,Corneil,ecorneilor@unicef.org,(571) 9248667,VA,true
893,Seline,Verillo,sverilloos@51.la,(408) 8173863,CA,true
894,Melba,Schimank,mschimankot@hostgator.com,(323) 4159997,CA,true
895,Daveta,Ugolini,dugoliniou@si.edu,(803) 8296594,SC,true
896,Luciano,Braithwait,lbraithwaitov@hp.com,(315) 5600217,NY,true
897,Carey,Plesing,cplesingow@smh.com.au,(309) 6087212,IL,true
898,Henrik,Elesander,helesanderox@yale.edu,(562) 6036932,CA,true
899,Winslow,Stamps,wstampsoy@sciencedirect.com,(254) 8814006,TX,true
900,Austen,Dowding,adowdingoz@bloglovin.com,(225) 9465125,LA,true
901,Netta,Deaves,ndeavesp0@wiley.com,(303) 6755645,CO,true
902,Efren,McGlaud,emcglaudp1@facebook.com,(512) 8354252,TX,true
903,Barde,Whacket,bwhacketp2@slideshare.net,(601) 7536610,MS,true
904,Damiano,Pina,dpinap3@umn.edu,(813) 2471142,FL,true
905,Jocko,Osgodby,josgodbyp4@networkadvertising.org,(209) 5535892,CA,true
906,Nancie,Gillcrist,ngillcristp5@de.vu,(210) 6464623,TX,true
907,Grannie,Trusse,gtrussep6@apple.com,(972) 1222502,TX,true
908,Udell,D' Angelo,udangelop7@w3.org,(309) 5110455,IL,true
909,Vail,Hallett,vhallettp8@diigo.com,(402) 1527236,NE,true
910,Agnella,Graveston,agravestonp9@smh.com.au,(757) 8093891,VA,true
911,Sunny,Rattenberie,srattenberiepa@bigcartel.com,(704) 8700657,NC,true
912,Roxane,Charopen,rcharopenpb@upenn.edu,(915) 4460456,TX,true
913,Amye,Yeabsley,ayeabsleypc@eventbrite.com,(330) 8963973,OH,true
914,Brant,Winscom,bwinscompd@blog.com,(862) 7989215,NJ,true
915,Nappie,Chittenden,nchittendenpe@who.int,(413) 8458902,MA,true
916,Eugen,Coleshill,ecoleshillpf@fotki.com,(571) 2404397,VA,true
917,Valry,Mogra,vmograpg@cmu.edu,(757) 8921160,VA,true
918,Lenora,Corcut,lcorcutph@shinystat.com,(916) 5703607,CA,true
919,Andrei,Tribe,atribepi@yellowbook.com,(716) 7721526,NY,true
920,Wolfy,Curtiss,wcurtisspj@fastcompany.com,(903) 7460325,TX,true
921,Siusan,Billett,sbillettpk@webs.com,(626) 7681137,CA,true
922,Annalise,Achrameev,aachrameevpl@house.gov,(318) 9091334,LA,true
923,Brock,Khomin,bkhominpm@java.com,(718) 9934179,NY,true
924,Minor,Hitzmann,mhitzmannpn@devhub.com,(718) 9295844,NY,true
925,Agustin,Loy,aloypo@angelfire.com,(214) 7734043,TX,true
926,Mari,Milham,mmilhampp@usatoday.com,(518) 9967730,NY,true
927,Jillie,Lamberti,jlambertipq@phoca.cz,(619) 4220585,CA,true
928,Rebe,MacAlister,rmacalisterpr@sohu.com,(202) 4267475,DC,true
929,Bobbye,MacFarlan,bmacfarlanps@devhub.com,(612) 2865792,MN,true
930,Orelee,Scales,oscalespt@surveymonkey.com,(915) 6765839,TX,true
931,Ana,Olenchenko,aolenchenkopu@cyberchimps.com,(951) 3119481,CA,true
932,Agatha,Bould,abouldpv@google.fr,(706) 5569572,GA,true
933,Vail,Kerrane,vkerranepw@prweb.com,(760) 8760327,CA,true
934,Tawsha,Rudinger,trudingerpx@1688.com,(989) 3882376,MI,true
935,Ebba,O'Fallowne,eofallownepy@feedburner.com,(509) 7241580,WA,true
936,Nelson,Yakovich,nyakovichpz@meetup.com,(754) 2184685,FL,true
937,Brinna,Braunds,bbraundsq0@bizjournals.com,(202) 9236932,DC,true
938,Sheeree,Lewsy,slewsyq1@sun.com,(713) 5140225,TX,true
939,Dennet,Worpole,dworpoleq2@independent.co.uk,(209) 3833393,CA,true
940,Paola,Pettman,ppettmanq3@xrea.com,(614) 5233419,OH,true
941,Opaline,Luety,oluetyq4@cdbaby.com,(215) 5718049,PA,true
942,Elset,Marshallsay,emarshallsayq5@amazon.de,(713) 5051434,TX,true
943,Ulysses,Guillford,uguillfordq6@answers.com,(651) 4055936,MN,true
944,Gigi,Golton,ggoltonq7@wsj.com,(317) 5199904,IN,true
945,Beth,Matussov,bmatussovq8@eepurl.com,(410) 4213285,MD,true
946,Ara,McNamee,amcnameeq9@fotki.com,(570) 6674439,PA,true
947,Granny,MacAndreis,gmacandreisqa@hatena.ne.jp,(405) 8930566,OK,true
948,Filmer,Pointer,fpointerqb@yahoo.co.jp,(814) 2778627,PA,true
949,Ettie,Mocker,emockerqc@unesco.org,(336) 2271538,NC,true
950,Trude,Kahn,tkahnqd@cocolog-nifty.com,(785) 3999197,KS,true
951,Garry,Dunkley,gdunkleyqe@businesswire.com,(614) 6981384,OH,true
952,Germaine,Wardale,gwardaleqf@wired.com,(616) 7147898,MI,true
953,Radcliffe,Rubinovitsch,rrubinovitschqg@boston.com,(805) 6834817,CA,true
954,Sanford,Gommowe,sgommoweqh@salon.com,(915) 7391320,TX,true
955,Marie,De Blase,mdeblaseqi@biblegateway.com,(858) 3101018,CA,true
956,Shirlene,Doulton,sdoultonqj@meetup.com,(918) 9711889,OK,true
957,Caressa,Michin,cmichinqk@house.gov,(813) 2787020,FL,true
958,Amara,Loos,aloosql@ehow.com,(248) 1169397,MI,true
959,Claudian,Wearne,cwearneqm@usnews.com,(717) 6027498,PA,true
960,Clim,Bedham,cbedhamqn@sohu.com,(501) 6223615,AR,true
961,Ramon,Pardoe,rpardoeqo@pcworld.com,(314) 5185090,MO,true
962,Duff,Wigelsworth,dwigelsworthqp@chron.com,(707) 9392328,CA,true
963,Findlay,Joselovitch,fjoselovitchqq@meetup.com,(757) 2125015,VA,true
964,Henrieta,Landsman,hlandsmanqr@cdbaby.com,(302) 5970388,DE,true
965,Evangelina,Shreve,eshreveqs@slideshare.net,(302) 9453709,DE,true
966,Ofilia,Pringle,opringleqt@chronoengine.com,(410) 8853244,MD,true
967,Devi,Vergo,dvergoqu@mysql.com,(509) 5779242,WA,true
968,Bryna,Towll,btowllqv@w3.org,(512) 7369000,TX,true
969,Malia,Tidgewell,mtidgewellqw@flickr.com,(808) 1804921,HI,true
970,Georgianne,Standeven,gstandevenqx@php.net,(202) 6981295,DC,true
971,Craig,Messitt,cmessittqy@google.ru,(706) 5899989,GA,true
972,Neila,Peel,npeelqz@tripadvisor.com,(614) 5753876,OH,true
973,Annora,Heak,aheakr0@creativecommons.org,(919) 1667590,NC,true
974,Phineas,Nowell,pnowellr1@seesaa.net,(202) 1532866,DC,true
975,Ed,Purshouse,epurshouser2@odnoklassniki.ru,(314) 9614112,MO,true
976,Florance,Tavinor,ftavinorr3@google.com.br,(214) 3461812,TX,true
977,Rosy,Dewitt,rdewittr4@amazonaws.com,(806) 2340702,TX,true
978,Myrle,Saye,msayer5@baidu.com,(305) 6129945,FL,true
979,Odetta,Mathonnet,omathonnetr6@yahoo.com,(617) 7561551,MA,true
980,Rayna,Scotchmore,rscotchmorer7@networksolutions.com,(616) 5144907,MI,true
981,Marlena,Alvarado,malvarador8@ca.gov,(304) 6413369,WV,true
982,Querida,Braiden,qbraidenr9@whitehouse.gov,(321) 7877077,FL,true
983,Ree,Dearan,rdearanra@biglobe.ne.jp,(203) 1262058,CT,true
984,Rhianna,McKeevers,rmckeeversrb@fda.gov,(916) 6088963,CA,true
985,Bettina,Eardley,beardleyrc@jimdo.com,(410) 9887980,MD,true
986,Haze,Puddan,hpuddanrd@upenn.edu,(804) 7156312,VA,true
987,Berkley,MacKeogh,bmackeoghre@google.ca,(603) 7340621,NH,true
988,Olive,Mehmet,omehmetrf@ted.com,(702) 1960899,CA,true
989,Hubert,Jaher,hjaherrg@sphinn.com,(423) 4394761,TN,true
990,Nestor,Gimblett,ngimblettrh@delicious.com,(561) 5282454,FL,true
991,Bertina,McSporon,bmcsporonri@zdnet.com,(419) 8533711,OH,true
992,Joaquin,Playdon,jplaydonrj@salon.com,(412) 4536775,PA,true
993,Kitti,Vickers,kvickersrk@upenn.edu,(412) 2898731,PA,true
994,Grazia,McTurley,gmcturleyrl@live.com,(785) 8312680,KS,true
995,Aurore,Schleswig-Holstein,aschleswigholsteinrm@is.gd,(412) 1514716,PA,true
996,Alleen,Tombleson,atomblesonrn@scribd.com,(860) 6081171,CT,true
997,Fanechka,Neads,fneadsro@biglobe.ne.jp,(315) 6246643,NY,true
998,Aliza,Ingley,aingleyrp@reference.com,(402) 3321902,NE,true
999,Jere,Sorensen,jsorensenrq@mtv.com,(360) 8682028,WA,true
1000,Carrissa,Bracher,cbracherrr@ihg.com,(414) 1209230,WI,true